ORIGIN TIME,LATITUDE,LONGITUDE,DEPTH,OBSERVED STATIONS,OBSERVATION NUMBER,ML MEDIAN,ML AVERAGE,ML ERROR,MW,MW ERROR,LATITUDE ERROR,LONGITUDE ERROR,DEPTH ERROR,ORIGIN TIME ERROR,GAP,RMS
2014-11-10T00:27:25.800000Z,-38.55,-69.027,2.1,5,11,1.389,1.434751,0.379,2.076,0.687,1.5,1.8,2.1,0.52,180,0.2
2014-12-17T08:00:29.300000Z,-38.234,-69.036,1.8,7,14,1.379,1.292665,0.537,2.256,0.877,3.7,3,2.9,0.59,187,0.2
2014-12-17T08:09:15.600000Z,-38.242,-69.033,1,5,9,1.5,1.499753,0.078,2.272,0.772,1.2,1.6,1.2,0.28,174,0
2014-12-17T08:10:23.600000Z,-38.197,-69.061,2.2,6,13,1.355,1.237793,0.554,2.095,0.74,4.7,3.6,3.3,1.08,263,0.4
2014-12-17T08:27:44.900000Z,-38.235,-69.035,1.6,6,12,1.3,1.277003,0.407,2.113,0.813,2.3,1.9,1.9,0.36,187,0.1
2014-12-17T11:25:37.300000Z,-38.227,-69.042,2.1,4,8,1.444,1.362819,0.127,2.125,0.681,1.9,2.6,2.2,0.33,228,0.1
2014-12-17T14:03:55.300000Z,-38.239,-69.034,1.5,9,20,1.738,1.78113,0.24,2.114,0.376,2.3,2.1,2.3,0.52,179,0.2
2014-12-17T16:12:50.900000Z,-38.235,-69.023,2,5,11,1.366,1.341471,0.137,2.272,0.906,0.7,1.6,1.7,0.39,162,0.1
2014-12-17T16:16:48.000000Z,-38.233,-69.035,2.1,9,20,1.437,1.420141,0.189,2.488,1.051,2.6,2.1,2.3,0.51,188,0.2
2014-12-17T20:20:39.800000Z,-38.232,-69.038,2.1,5,11,1.032,1.120434,0.256,2.211,1.179,2.8,2.2,2.4,0.4,195,0.1
2014-12-19T17:56:47.500000Z,-38.24,-69.031,1,5,11,1.858,1.864005,0.535,2.462,0.604,2.1,2.1,2.4,0.45,174,0.1
2014-12-20T03:30:34.900000Z,-38.225,-69.033,2.4,5,11,1.585,1.603037,0.109,2.276,0.691,12.8,9.1,8.3,1.04,200,0.4
2014-12-22T23:51:50.800000Z,-38.164,-69.031,1,5,11,0.899,1.108595,0.517,1.938,1.039,3.5,4.3,2.9,1.26,274,0.5
2014-12-23T19:19:19.300000Z,-38.156,-68.891,8.5,5,11,1.239,1.211061,0.163,2.058,0.819,6.2,2.7,13.5,1.05,232,0.4
2015-01-03T22:49:01.000000Z,-38.155,-68.875,5.2,4,10,1.008,0.868634,0.261,1.911,0.903,3.6,1.6,2.6,0.53,248,0.2
2015-01-04T05:51:37.800000Z,-38.425,-68.983,1.9,4,8,0.904,1.15287,0.48,1.776,0.872,0.9,0.9,1.7,0.41,117,0.1
2015-01-07T07:17:47.400000Z,-38.23,-69.036,1.9,8,17,1.878,1.799159,0.343,2.299,0.421,3.4,2.6,2.3,0.5,195,0.2
2015-01-07T07:29:11.700000Z,-38.227,-69.04,2.1,8,16,1.749,1.717392,0.551,2.332,0.583,1.5,1.9,2,0.51,206,0.2
2015-01-08T05:35:08.400000Z,-38.228,-69.037,2.1,7,15,1.307,1.313911,0.23,2.176,0.869,1.4,1.9,2,0.5,200,0.2
2015-01-12T21:33:29.100000Z,-38.422,-68.981,2,4,8,1.373,1.485023,0.324,1.851,0.478,1.5,1.4,2.8,0.64,120,0.2
2015-01-22T00:52:32.100000Z,-38.648,-69.069,25.3,3,6,1.201,1.200737,0.388,1.962,0.761,9.9,15.8,10.5,1.32,293,0.5
2015-01-24T05:01:08.300000Z,-38.434,-68.987,0,4,9,0.858,1.276385,0.802,1.886,1.028,2,1.5,1.6,0.78,130,0.3
2015-01-25T04:06:56.000000Z,-38.435,-68.957,4,5,11,0.971,1.190256,0.658,1.81,0.839,3.4,4.1,3.5,1.42,110,0.5
2015-01-26T09:37:49.500000Z,-38.424,-68.981,1.8,4,9,0.825,0.821165,0.429,1.703,0.878,0.9,0.9,1.7,0.41,119,0.1
2015-01-26T09:38:27.000000Z,-38.167,-68.237,0,9,18,1.619,1.474766,0.368,2.03,0.411,13.8,26.3,11.1,1.13,311,0.4
2015-01-26T11:03:08.400000Z,-38.162,-69.713,54.3,8,12,1.862,1.804444,0.161,2.221,0.359,15.7,13.9,13.2,1.22,336,0.5
2015-01-31T11:51:33.900000Z,-37.723,-71.073,24.2,6,13,2.465,2.426065,0.192,2.435,0.03,13.4,8.2,4.3,0.68,347,0.2
2015-02-07T20:51:01.800000Z,-38.424,-68.984,1.4,4,9,1.031,1.278264,0.399,1.878,0.847,1,1,1.9,0.44,117,0.1
2015-02-08T07:01:22.300000Z,-38.41,-68.959,3,4,8,1.108,0.909706,0.35,1.692,0.584,3,8.1,7.8,1.21,149,0.5
2015-02-10T08:22:13.700000Z,-38.426,-68.982,1.7,4,9,0.732,0.840475,0.307,1.91,1.178,0.9,0.9,1.8,0.42,115,0.1
2015-02-15T05:55:25.600000Z,-38.427,-68.988,1.4,5,8,1.244,1.24448,0.412,1.645,0.401,1.3,1.1,2.4,0.59,102,0.2
2015-02-20T23:48:02.900000Z,-38.16,-69.445,0.1,4,7,1.491,1.445741,0.245,2.082,0.591,8.3,9.5,8.9,1.2,326,0.5
2015-02-21T03:02:39.400000Z,-38.44,-68.988,2.1,4,8,1.246,1.677401,1.013,1.873,0.627,3.9,1.6,3.4,0.59,203,0.2
2015-02-25T06:00:06.600000Z,-38.439,-68.988,2.1,4,8,1.162,1.419895,0.872,1.193,0.031,4.1,1.9,4,0.57,202,0.2
2015-02-26T21:05:23.500000Z,-38.427,-68.987,1.9,4,8,0.976,1.220709,0.457,1.927,0.951,1,1,1.9,0.45,112,0.1
2015-03-01T07:35:48.200000Z,-38.431,-68.979,2,5,11,1.078,1.065253,0.883,1.83,0.752,2,1.9,2.5,0.98,107,0.4
2015-03-03T04:33:26.100000Z,-37.619,-71.126,14.2,8,15,2.639,2.562234,0.161,2.552,0.087,23.6,17,11.1,1.61,346,0.6
2015-03-08T06:17:49.600000Z,-38.428,-68.985,0.9,5,11,1.065,1.277831,0.559,1.957,0.892,1.2,1.1,2.2,0.58,103,0.2
2015-03-09T04:23:07.400000Z,-38.364,-69.178,0.4,5,11,1.449,1.300125,0.351,2.205,0.756,1.3,2.1,1,0.62,234,0.2
2015-03-12T02:00:45.100000Z,-38.189,-68.691,15,3,3,0.838,0.838078,0.115,2.088,1.25,19.4,5.7,0,0.3,273,0
2015-03-18T22:03:03.100000Z,-38.44,-69.237,16.9,6,6,1.893,1.81833,0.438,2.478,0.585,4.7,15.3,4.3,0.52,266,0.2
2015-03-28T12:43:14.100000Z,-37.502,-70.734,15,8,17,2.859,2.814976,0.227,2.772,0.087,9.8,10.6,7.6,0.87,342,0.3
2015-03-30T13:41:53.400000Z,-37.347,-70.472,18.2,6,13,2.603,2.554762,0.226,2.596,0.007,5.8,7.3,22.4,0.61,342,0.2
2015-04-07T05:57:20.000000Z,-37.805,-71.084,28.6,3,7,2.21,2.2524,0.084,2.258,0.048,14.9,8.5,4.7,0.45,348,0.1
2015-09-22T15:36:41.600000Z,-37.643,-71.113,6.6,3,7,2.451,2.485201,0.056,2.462,0.011,11.3,16,9.1,0.44,344,0.1
2015-09-27T00:01:07.700000Z,-38.118,-69.119,30.6,5,5,1.542,1.400853,0.275,2.172,0.63,26.9,19.8,3.9,0.57,294,0.2
2015-10-03T00:03:31.200000Z,-37.694,-71.178,21.5,6,11,2.843,2.89865,0.102,2.753,0.09,7.9,6.1,2.7,0.48,344,0.2
2015-10-07T11:37:27.500000Z,-37.394,-71.087,0,8,15,2.659,2.708968,0.128,2.624,0.035,27.4,30.5,9,1.83,345,0.7
2015-11-16T17:08:45.800000Z,-38.461,-68.918,39.5,8,8,2.3,2.318654,0.214,2.53,0.23,2.7,3.8,7.7,0.35,68,0.1
2015-11-19T17:44:52.100000Z,-38.689,-69.005,2,7,46,3.555,3.589217,0.192,3.851,0.296,1.2,1.5,1.8,0.47,181,0.2
2015-11-19T18:35:55.100000Z,-38.687,-69.032,15,7,44,1.516,1.557856,0.123,2.254,0.738,2.9,3.5,2,2.29,193,0.9
2015-11-19T23:39:04.100000Z,-38.254,-69.015,15,7,7,1.686,1.559589,0.401,2.339,0.653,27,25.7,30.3,1.54,238,0.6
2015-11-20T08:38:59.800000Z,-38.71,-69.047,5,4,10,1.257,1.206967,0.244,2.083,0.826,6.1,8,7.8,1.36,213,0.5
2015-11-21T04:30:21.200000Z,-38.253,-68.94,8.6,5,10,1.796,1.691607,0.285,2.109,0.313,4,4.5,4.1,0.81,280,0.3
2015-11-24T11:28:05.000000Z,-38.213,-70.375,1.5,8,13,2.18,2.250619,0.285,2.485,0.305,7.9,29,14.2,0.5,336,0.2
2015-12-13T03:57:37.600000Z,-37.86,-71.163,24.6,6,10,2.527,2.542567,0.114,2.541,0.014,19.3,11.7,4.7,0.68,348,0.2
2015-12-13T05:14:43.800000Z,-37.702,-71.099,21.5,5,12,2.525,2.51467,0.187,2.467,0.058,19.4,14.1,6.3,1.05,345,0.4
2015-12-13T06:01:06.700000Z,-37.616,-71.001,17.3,7,14,2.512,2.542563,0.178,2.563,0.051,19.5,15.6,9.5,1.45,343,0.5
2015-12-13T11:45:38.500000Z,-37.695,-71.054,22.5,3,6,2.628,2.692206,0.092,2.53,0.098,9.9,6.5,3.4,0.3,347,0
2015-12-13T12:10:01.800000Z,-37.744,-71.127,21.5,4,8,2.441,2.419261,0.218,2.5,0.059,11.5,6.4,4.1,0.39,346,0.1
2015-12-13T23:21:05.000000Z,-38.34,-69.111,1,4,8,1.379,1.432413,0.418,2.055,0.676,4.9,6.6,4.7,0.59,237,0.2
2015-12-16T19:48:37.600000Z,-37.581,-71.037,23.9,4,8,2.689,2.619753,0.226,2.388,0.301,12.8,8.7,4.4,0.43,347,0.1
2015-12-17T01:03:35.200000Z,-37.791,-71.12,26.5,3,6,2.303,2.335911,0.163,2.313,0.01,15.5,8.8,4.9,0.46,348,0.1
2015-12-17T03:39:14.900000Z,-37.844,-71.029,32.2,4,8,2.198,2.151223,0.142,2.314,0.116,15.2,9.2,3.3,0.59,347,0.2
2015-12-17T07:30:27.700000Z,-37.705,-71.118,21.4,4,8,2.529,2.499578,0.157,2.384,0.145,29.5,17.3,9.7,0.95,348,0.4
2015-12-17T07:44:35.300000Z,-37.877,-71.12,26.1,4,8,2.239,2.21966,0.104,2.329,0.09,14.4,8.2,3.5,0.48,348,0.2
2015-12-18T18:19:08.300000Z,-38.345,-69.109,1.3,7,14,1.369,1.467521,0.356,2.247,0.878,1.6,2.8,1.4,0.31,231,0.1
2015-12-21T07:44:09.000000Z,-38.347,-69.099,1,5,10,1.196,1.191866,0.328,1.999,0.803,2.8,2.5,1.7,0.46,222,0.2
2015-12-22T20:21:40.200000Z,-38.34,-69.106,1,6,15,1.575,1.651877,0.331,2.243,0.668,2.1,2.6,1.3,0.32,233,0.1
2015-12-23T02:00:50.300000Z,-38.342,-69.108,0.7,7,15,1.28,1.336108,0.394,2.054,0.774,3.6,5,3.6,0.57,231,0.2
2015-12-23T04:28:05.300000Z,-38.345,-69.104,0,4,9,1.125,1.328953,0.459,1.936,0.811,5.8,8.3,3,0.8,227,0.3
2015-12-28T21:34:30.700000Z,-37.914,-71.189,24.5,6,11,2.345,2.336765,0.239,2.492,0.147,30.9,18,9.6,1.63,345,0.6
2015-12-30T00:45:14.400000Z,-38.16,-69.624,10.9,4,8,1.329,1.313709,0.267,2.074,0.745,12.8,9,10.9,0.41,341,0.1
2016-01-13T17:54:26.200000Z,-37.611,-71.019,11.1,6,14,2.552,2.498581,0.167,2.532,0.02,14.8,14.7,13.2,1.08,344,0.4
2016-01-14T03:43:25.200000Z,-38.299,-69.137,1,4,6,1.355,1.355034,0.894,1.933,0.578,5.7,13.6,5.5,1.35,227,0.5
2016-01-14T07:45:36.100000Z,-37.697,-71.061,21.9,5,12,3.136,3.068998,0.254,2.636,0.5,12.7,9.4,4.2,0.7,345,0.3
2016-01-14T19:46:26.100000Z,-37.669,-71.036,15.4,8,15,2.477,2.450902,0.178,2.512,0.035,12.4,8.8,6.1,0.73,343,0.3
2016-01-17T11:41:26.500000Z,-38.166,-69.583,2.3,5,12,1.681,1.658991,0.298,2.168,0.487,2.9,4.5,3.7,0.29,339,0.1
2016-01-21T13:11:04.200000Z,-38.122,-69.508,8,5,10,1.543,1.575977,0.14,2.127,0.584,7.8,7.2,7.6,1,331,0.4
2016-01-21T19:22:25.900000Z,-37.652,-71.012,11,5,12,2.605,2.628716,0.16,2.528,0.077,21.3,16.9,9.1,0.84,345,0.3
2016-01-24T02:10:57.500000Z,-38.145,-69.569,2.8,5,12,1.805,1.813301,0.188,2.346,0.541,4,8.2,6.9,0.53,321,0.2
2016-01-26T00:20:34.500000Z,-38.012,-69.239,34.5,5,5,1.488,1.76733,0.462,2.534,1.046,28.8,25.9,2.2,0.31,312,0
2016-01-27T01:28:09.700000Z,-38.15,-69.61,5.3,5,8,1.513,1.495438,0.064,2.159,0.646,2.5,3.5,3.8,0.38,323,0.1
2016-01-28T10:05:32.000000Z,-38.172,-69.638,11.6,4,9,1.339,1.441067,0.242,2.232,0.893,22,12.1,18.9,0.4,342,0.1
2016-01-31T18:43:22.900000Z,-38.169,-69.623,11.8,4,10,1.894,1.856492,0.258,2.411,0.517,11.1,7.4,8.7,0.35,341,0.1
2016-02-02T04:33:39.800000Z,-38.157,-69.592,3.1,6,14,1.627,1.556685,0.245,2.346,0.719,3.6,6.2,5,0.39,336,0.1
2016-02-13T17:48:48.000000Z,-38.18,-69.647,10.7,6,13,2.177,2.096498,0.271,2.52,0.343,8.7,5.3,7.7,0.5,322,0.2
2016-02-19T16:58:37.700000Z,-38.878,-70.582,14.6,5,10,2.351,2.348059,0.051,2.387,0.036,14.6,12,13.1,1.13,339,0.4
2016-02-21T02:57:23.200000Z,-38.157,-69.593,3.1,5,11,1.741,1.881647,0.327,2.551,0.81,2.8,10.2,8.4,0.4,319,0.1
2016-02-21T12:34:25.900000Z,-38.161,-69.593,1.8,6,13,1.785,1.941737,0.483,2.535,0.75,5.3,18.5,10,0.61,319,0.2
2016-02-24T21:04:44.200000Z,-38.148,-69.607,5.3,4,9,2.145,2.040962,0.248,2.5,0.355,2.7,3,3.5,0.35,330,0.1
2016-02-25T19:55:33.600000Z,-38.353,-69.114,1,4,8,1.353,1.13156,0.514,1.97,0.617,5.4,7,5.2,0.65,229,0.2
2016-02-26T01:52:11.500000Z,-38.341,-69.128,1.1,3,5,0.974,0.973655,0.708,1.821,0.847,2,3.5,1.2,0.34,291,0.1
2016-02-26T10:28:12.900000Z,-38.352,-69.104,0.4,9,19,1.739,1.52718,0.475,2.198,0.459,2.7,4.4,1.9,0.57,218,0.2
2016-03-19T16:22:01.900000Z,-38.162,-69.621,6.2,6,12,1.697,1.769112,0.319,2.408,0.711,2,2.5,3,0.36,321,0.1
2016-05-10T00:28:28.800000Z,-37.99,-69.174,32.8,6,6,2.071,2.073624,0.194,2.317,0.246,18.3,10.1,1.9,0.31,312,0.1
2016-05-17T00:44:14.100000Z,-38.339,-69.691,18.7,3,6,1.742,1.662122,0.294,2.27,0.528,7.7,3.4,2.7,0.34,348,0.1
2016-05-25T14:28:07.800000Z,-38.438,-69.706,14,4,7,1.283,1.257595,0.237,2.264,0.981,24.8,5.2,7,0.62,350,0.2
2016-05-28T03:30:55.800000Z,-38.311,-69.171,15,3,3,1.361,1.123082,0.356,2.06,0.699,11.6,9.3,0,0.3,289,0
2017-03-10T20:45:14.500000Z,-37.269,-68.117,16.4,14,28,2.6,2.613975,0.276,2.968,0.368,4.7,5.7,7.8,1.42,302,0.5
2017-03-18T07:43:28.000000Z,-36.685,-70.489,0,16,32,3.012,2.998271,0.251,2.935,0.077,18,20.8,11.6,1.84,329,0.7
2017-04-01T15:32:33.900000Z,-36.662,-70.614,0,17,34,3.053,3.043102,0.254,2.926,0.127,18,19.7,10.3,2.11,330,0.8
2017-04-02T01:49:13.500000Z,-36.577,-70.437,0,17,34,3.003,2.985168,0.222,2.912,0.091,18.2,19.5,10.5,2.12,330,0.8
2017-04-20T09:48:51.400000Z,-36.564,-70.502,0,17,34,3.074,2.986322,0.215,2.989,0.085,18,19.7,10.5,2.13,331,0.8
2017-04-20T09:51:53.000000Z,-36.46,-70.545,4,17,34,3.091,3.056559,0.2,2.951,0.14,16.8,19.6,17,2.54,332,0.9
2017-05-19T12:03:50.700000Z,-37.37,-69.889,5,16,24,2.591,2.570793,0.258,3.005,0.414,4.7,5.6,11.8,0.92,307,0.3
2017-05-24T05:12:35.600000Z,-36.618,-70.397,0,16,32,3.311,3.284084,0.173,3.134,0.177,17.6,18.2,10.4,1.86,329,0.7
2017-05-28T10:39:44.500000Z,-36.69,-70.48,0,16,32,3.001,2.975572,0.2,2.864,0.137,16.5,19.2,10.6,1.68,329,0.6
2017-06-18T07:37:19.200000Z,-38.166,-68.686,18.1,9,14,2.564,2.301157,0.534,2.71,0.146,1.9,2.4,4.4,0.9,103,0.3
2017-06-26T03:08:56.400000Z,-37.186,-68.656,31.9,8,14,2.821,2.862775,0.213,2.973,0.152,13.2,12.8,7.7,2.22,305,0.8
2017-07-07T04:43:45.300000Z,-36.611,-70.621,0.3,16,31,3.306,3.36354,0.277,3.16,0.146,18.9,19.7,10.9,2.08,331,0.8
2017-07-15T23:21:46.300000Z,-38.658,-69.568,14.8,6,12,2.54,2.164272,0.64,2.73,0.19,8.1,15.5,10.2,1.63,316,0.6
2017-07-17T20:24:48.300000Z,-38.84,-70.241,10.8,6,11,2.548,2.646186,0.32,2.246,0.302,6.2,10,6.6,1.04,327,0.4
2017-07-27T08:22:30.700000Z,-37.617,-71.56,116.4,8,16,3.228,3.239267,0.155,3.038,0.19,5.3,8.9,15.6,0.59,332,0.2
2017-07-31T17:57:24.400000Z,-38.753,-70.521,29.3,12,19,2.977,2.969059,0.212,2.666,0.311,13.1,14.5,9.1,1.97,317,0.7
2017-08-02T17:10:32.300000Z,-38.936,-70.33,10.3,12,18,3.023,2.97466,0.242,2.594,0.429,14.1,16.2,9.4,2.25,320,0.8
2017-08-04T15:37:38.200000Z,-38.092,-68.569,17.1,7,12,2.63,2.56793,0.566,2.682,0.052,2.5,4,8.9,1.17,112,0.4
2017-08-05T12:20:42.300000Z,-38.096,-68.571,16.5,15,25,2.632,2.684154,0.542,3.085,0.453,1.7,2.8,2.8,1.08,114,0.4
2017-08-06T12:48:58.600000Z,-38.067,-68.536,13.5,5,9,2.604,2.450505,0.411,2.633,0.029,4.2,9.3,16.2,1.99,98,0.8
2017-08-06T13:35:36.400000Z,-38.093,-68.579,16.6,16,31,2.563,2.712673,0.433,3.068,0.505,1.7,2.7,2.8,1.2,110,0.4
2017-08-08T13:31:46.100000Z,-38.094,-68.575,16.4,16,30,3.767,3.759318,0.501,3.658,0.109,1.5,2.4,2.5,1.06,112,0.4
2017-08-08T14:43:32.500000Z,-38.909,-70.269,12.5,6,10,2.992,2.941645,0.188,2.576,0.416,9.5,16.3,9.3,1.14,330,0.4
2017-08-08T19:39:23.300000Z,-38.092,-68.595,15.8,16,29,2.665,2.758062,0.481,3.104,0.439,1.3,2,2.1,0.87,107,0.3
2017-08-10T01:58:11.600000Z,-38.095,-68.576,16.6,16,30,2.845,2.947719,0.581,3.332,0.487,1.6,2.4,2.6,1.09,113,0.4
2017-08-10T14:26:05.200000Z,-38.097,-68.586,15.9,16,28,2.758,2.750316,0.62,3.154,0.396,1.6,2.7,2.8,1.12,111,0.4
2017-08-12T12:55:06.500000Z,-38.106,-68.584,14.3,16,31,2.561,2.735398,0.572,3.178,0.617,1.9,3,3.9,1.35,117,0.5
2017-08-15T11:40:25.900000Z,-38.108,-68.568,16.1,14,27,2.694,2.677845,0.462,2.992,0.298,2,3.3,3.7,1.4,123,0.5
2017-08-16T15:21:28.400000Z,-38.972,-70.153,15,9,16,3.023,3.047575,0.245,2.626,0.397,11.6,16.5,10.2,2.24,329,0.8
2017-08-20T23:18:59.600000Z,-38.108,-68.592,18.7,11,16,2.503,2.205319,0.617,2.694,0.191,2.2,3.4,4.7,1.27,116,0.5
2017-08-21T00:15:55.900000Z,-38.1,-68.584,16.6,15,28,2.549,2.512287,0.352,2.936,0.387,1.8,2.9,3.2,1.24,113,0.5
2017-08-22T07:16:28.300000Z,-38.093,-68.567,17.2,9,16,2.714,2.668509,0.447,2.833,0.119,2.3,4.2,8.5,1.26,113,0.5
2017-08-23T06:39:30.600000Z,-38.13,-68.583,22.5,7,11,2.509,2.60294,0.332,2.851,0.342,9.1,14.2,22.3,3.73,131,1.4
2017-08-31T17:06:08.800000Z,-38.612,-70.402,14.3,8,16,2.796,2.760714,0.18,2.491,0.305,7,9.6,8.3,1.61,316,0.6
2017-09-05T18:40:54.200000Z,-38.595,-70.084,4.4,10,17,2.772,2.755964,0.25,2.658,0.114,11.3,14.2,11.5,2.46,295,0.9
2017-09-08T08:47:03.400000Z,-36.526,-70.293,0,14,27,3.536,3.46955,0.161,3.12,0.416,17.5,16.6,9.6,1.5,330,0.5
2017-09-17T09:49:43.200000Z,-38.103,-68.598,12.6,8,16,2.616,2.428433,0.48,2.676,0.06,3.1,5,14.3,1.62,111,0.6
2017-09-18T01:33:43.500000Z,-36.508,-70.373,0,16,32,3.522,3.542164,0.142,3.215,0.307,18.1,17.9,10.3,1.95,330,0.7
2017-09-18T19:33:50.400000Z,-38.8,-70.377,27.5,10,17,3.098,3.000886,0.242,2.685,0.413,9.8,11.9,6.9,1.63,328,0.6
2017-09-23T09:53:55.800000Z,-36.69,-70.446,0,16,32,3.281,3.317934,0.187,3.115,0.166,18.6,21.5,11.9,1.89,329,0.7
2017-09-23T10:19:00.700000Z,-38.505,-70.63,15.8,7,14,2.572,2.667216,0.404,2.295,0.277,3.4,4.3,10.7,0.64,319,0.2
2017-09-23T13:11:38.400000Z,-38.539,-70.391,7.9,10,16,3.073,3.072016,0.296,2.657,0.416,7.9,8.4,6.7,1.31,312,0.5
2017-09-26T01:04:29.200000Z,-38.096,-68.575,17.2,16,32,4.225,4.241473,0.471,3.917,0.308,1.8,2.8,2.9,1.3,114,0.5
2017-10-06T16:19:09.300000Z,-36.824,-70.069,1.4,15,30,3.063,3.03259,0.238,3.039,0.024,17.3,15.4,11.1,1.42,323,0.5
2017-10-25T11:29:31.000000Z,-37.375,-71.46,97.6,12,21,3.262,3.288237,0.335,2.928,0.334,10.6,9.9,21.3,1.25,332,0.5
2017-11-04T09:33:48.900000Z,-37.057,-68.624,34,13,22,2.77,2.703236,0.328,2.851,0.081,18.9,11.5,20.6,1.9,314,0.7
2017-11-04T09:33:52.400000Z,-37.253,-68.709,19.9,12,22,2.598,2.580058,0.268,2.794,0.196,5.5,4.9,14.2,1.2,303,0.4
2017-11-09T11:07:03.700000Z,-37.196,-68.707,12.5,16,28,2.557,2.456084,0.425,2.748,0.191,14.5,10.1,19.1,3.24,281,1.2
2017-11-11T02:06:48.200000Z,-37.82,-71.127,5.9,16,30,3.146,3.103135,0.22,3.014,0.132,9.7,10.5,12.5,2.1,322,0.8
2017-11-12T11:14:54.300000Z,-36.623,-70.601,5.1,11,20,3.435,3.34183,0.313,2.893,0.542,10.4,13.9,13.5,1.75,331,0.6
2017-11-13T01:06:47.400000Z,-37.656,-71.151,8.2,17,34,3.111,3.024705,0.311,2.905,0.206,9.7,9.4,10.1,2.05,326,0.7
2017-11-27T02:15:02.800000Z,-36.515,-70.632,5.6,10,15,3.069,3.118101,0.223,3.054,0.015,20.9,19.5,20.2,2.08,332,0.8
2017-12-06T01:45:53.500000Z,-37.791,-71.123,5.7,17,34,3.333,3.37305,0.268,3.16,0.173,10.6,10.1,9.7,2.32,323,0.8
2017-12-17T22:53:23.600000Z,-36.639,-70.606,5.3,14,28,3.124,3.144624,0.211,2.98,0.144,10,13,7,1.96,330,0.7
2017-12-23T07:54:35.900000Z,-36.978,-67.93,8.9,17,33,3.114,3.095009,0.269,2.891,0.223,5.7,7.3,7.2,1.63,313,0.6
2018-01-06T22:43:44.500000Z,-38.659,-69.848,80,13,16,1.946,1.984377,0.237,2.751,0.805,15.2,15.6,21.9,2.16,283,0.8
2018-01-23T10:58:50.200000Z,-38.551,-69.115,1.2,13,24,2.784,2.769981,0.602,3.178,0.394,2.1,2,2.2,0.97,110,0.4
2018-03-11T20:28:34.700000Z,-38.489,-69.76,66,15,18,1.631,1.584068,0.403,2.423,0.792,8.7,12,18.7,1.69,262,0.6
2018-04-25T18:24:00.700000Z,-38.646,-69.963,15,8,14,1.651,1.688452,0.259,2.262,0.611,11.2,14.5,5.2,2.71,307,1
2018-05-31T14:11:58.100000Z,-38.557,-69.07,15.3,15,25,2.997,2.777157,0.422,2.931,0.066,1.8,1.2,1.5,0.58,216,0.2
2018-11-09T17:57:17.700000Z,-38.551,-69.964,0,16,28,2.049,2.078962,0.743,2.327,0.278,10.9,19.2,7.6,1.63,295,0.6
2018-11-16T03:05:21.500000Z,-38.566,-69.048,2.5,20,39,2.984,3.187278,0.628,3.648,0.664,1.5,0.8,2.1,0.5,173,0.2
2018-11-17T15:07:26.800000Z,-38.544,-69.955,0,13,22,1.805,1.897462,0.405,2.102,0.297,13,19.5,8.4,1.39,301,0.5
2018-12-04T20:41:51.900000Z,-37.726,-69.059,22.8,7,10,2.565,2.284773,0.916,1.702,0.863,6.2,5.9,17.3,1.14,249,0.4
2019-01-09T17:55:33.500000Z,-38.541,-69.047,0,18,36,4.053,3.077478,0.534,4.49,0.134,2.9,1.7,2.1,0.97,212,0.4
2019-02-10T03:03:56.900000Z,-38.422,-68.974,6.2,18,30,2.673,2.837349,0.611,3.014,0.341,1.2,1,3.7,0.52,181,0.2
2019-02-19T20:50:43.900000Z,-38.515,-69.163,0.6,19,36,2.95,1.927695,0.362,3.57,0.669,1.2,1.1,1.1,0.61,198,0.2
2019-02-22T12:29:35.100000Z,-37.749,-71.038,4.7,19,37,3.01,3.131695,0.951,2.359,0.651,8,15.1,14.2,1.71,324,0.6
2019-02-22T13:29:27.500000Z,-37.769,-71.097,13.7,19,36,3.016,3.158284,0.82,2.281,0.735,9,11.7,14,1.89,325,0.7
2019-03-04T02:31:22.200000Z,-37.343,-71.353,5.6,14,22,3.095,2.931523,1.185,2.471,0.624,15.9,18.9,9.4,2.48,331,0.9
2019-03-07T05:10:34.100000Z,-38.595,-69.021,6.5,19,47,4.73,4.155628,0.876,4.97,0.07,2.4,1.7,3.1,0.79,228,0.3
2019-03-27T20:27:26.400000Z,-36.44,-70.416,5.1,18,37,3.24,3.506975,1.158,2.807,0.433,6.7,8.3,6.3,1.23,332,0.4
2019-06-24T03:49:10.000000Z,-36.696,-70.44,0,18,32,3.52,3.528899,0.463,2.663,0.857,20.6,23.5,13.9,1.19,329,0.4
2019-09-14T16:23:37.500000Z,-38.168,-69.62,1.8,17,34,2.915,2.948537,0.683,2.802,0.113,2,5.7,3.6,1.49,223,0.5
2019-09-19T12:29:22.800000Z,-38.161,-69.59,1.4,17,34,3.306,3.61105,1.001,3.052,0.254,0.9,2.6,1.7,0.73,214,0.3
2019-10-12T23:22:54.100000Z,-38.505,-68.879,7.7,18,32,3.45,3.557216,0.859,3.209,0.241,1.9,1.4,2.5,0.63,226,0.2
2019-11-04T02:52:11.500000Z,-38.671,-69.036,0,17,33,3.291,3.284469,0.646,3.008,0.283,11.1,4.8,5.1,1.85,257,0.7
2019-11-13T00:49:58.600000Z,-38.671,-69.024,2.1,17,30,3.109,3.127835,0.553,3.001,0.108,9.9,3.4,7.2,1.14,257,0.4
2019-12-15T14:53:41.400000Z,-38.196,-68.696,1,17,34,2.901,3.217175,0.994,2.884,0.017,2,3.9,2.5,1.76,143,0.6
2019-12-18T19:00:02.300000Z,-38.199,-68.663,10.4,17,30,3.394,3.456598,0.794,2.408,0.986,1.7,3.1,8,1.02,160,0.4
2020-02-04T19:00:44.800000Z,-38.196,-68.68,7,12,23,2.781,3.093075,0.75,2.811,0.03,1.5,2.6,5.9,0.68,151,0.2
2020-02-16T18:11:25.600000Z,-38.193,-68.642,12.7,8,15,3.102,2.903,0.235,2.892,0.435,2.8,2.9,2.7,0.33,313,0.1
2020-03-16T03:05:28.200000Z,-37.247,-70.17,0,11,20,4.233,3.609392,1.28,2.221,2.012,18,15.9,9,0.66,350,0.2
2020-04-03T05:21:53.400000Z,-38.065,-71.319,101.7,9,18,4.962,4.290296,1.094,2.308,2.654,3.1,2.8,10,0.76,163,0.3
2020-04-03T07:41:04.100000Z,-38.033,-71.318,107.1,9,17,4.909,4.247167,1.04,2.297,2.612,6.6,5,13.5,0.89,163,0.3
2020-04-15T12:07:21.000000Z,-38.195,-71.312,80.9,9,18,4.475,4.069642,1.022,2.35,2.125,2.6,2.6,11.4,0.76,162,0.3
2020-05-02T21:19:30.800000Z,-36.679,-70.905,14,9,17,4.068,3.924528,0.65,2.471,1.597,4.1,11.5,13.5,0.75,169,0.3
2020-05-04T15:33:30.800000Z,-38.198,-68.613,17.7,7,14,3.174,2.868867,0.768,3.105,0.069,6.8,4.3,1.4,0.23,353,0
2020-05-22T17:31:00.600000Z,-36.845,-70.733,0,12,21,3.278,3.224077,0.605,2.412,0.866,14,12.4,12.1,4.27,112,1.6
2020-06-02T21:17:03.900000Z,-38.216,-68.984,5.1,7,14,2.687,2.741557,0.498,2.753,0.066,4.9,5.1,5,0.39,345,0.1
2020-06-03T08:21:54.700000Z,-38.228,-68.967,5.3,7,14,3.195,3.359423,0.398,3.194,0.001,6.7,6.9,6.8,0.53,346,0.2
2020-06-06T07:00:23.100000Z,-38.275,-69.002,0,7,14,3.727,3.662686,0.259,3.588,0.139,6.3,7.3,3.6,0.62,343,0.2
2020-06-08T16:46:07.500000Z,-37.766,-71.833,97,9,18,4.525,4.4028,0.734,2.913,1.612,3.7,3.3,8.1,0.7,206,0.3
2020-06-08T23:05:44.100000Z,-38.238,-71.281,35.1,10,21,4.355,4.130409,0.887,2.643,1.712,3.1,4.7,7.4,1.33,160,0.5
2020-06-11T07:52:40.600000Z,-38.194,-71.288,90,9,18,4.689,4.304914,0.975,2.481,2.208,2,2.1,7.7,0.59,161,0.2
2020-06-21T22:48:05.500000Z,-37.939,-71.164,30.8,10,20,4.23,3.819744,0.965,2.482,1.748,3.4,5.4,8.5,1.36,151,0.5
2020-06-24T19:32:45.700000Z,-37.878,-71.213,79.7,10,19,4.908,4.314139,1.145,2.482,2.426,3.4,3.8,11,1.08,154,0.4
2020-06-25T17:31:59.800000Z,-38.618,-68.948,4.8,7,14,2.667,2.430133,0.681,2.15,0.517,9.3,17,24.4,0.34,316,0.1
